世界遺産 id,name,date,title
世界遺産 2008.12.28　エローラ石窟群
世界遺産 2008.12.21　ベルギーとフランスの鐘楼群
世界遺産 2008.12.14　ポンペイ、エルコーラノ及びトッレ・アヌンツィアータの遺跡地域
世界遺産 2008.12.07　ラパ・ヌイ国立公園（イースター島）
世界遺産 2008.11.30　黄山
世界遺産 2008.11.23　シュリー・シュル・ロワールからシャロンヌ間のロワール渓谷
世界遺産 2008.11.16　インドの山岳鉄道群（ダージリン・ヒマラヤ鉄道）
世界遺産 2008.11.09　自由の女神像
世界遺産 2008.11.02　ケルン大聖堂
世界遺産 2008.10.26　イエローストーン国立公園
世界遺産 2008.10.19　麗江旧市街
世界遺産 2008.10.12　ゼメリング鉄道
世界遺産 2008.10.05　カナディアン・ロッキー山脈自然公園群
世界遺産 2008.09.28　フェルクリンゲン製鉄所
世界遺産 2008.09.21　アルバータ州立恐竜自然公園
世界遺産 2008.09.14　中国南部カルスト
世界遺産 2008.09.07　セゴビア旧市街と水道橋
世界遺産 2008.08.31　グレート・バリア・リーフ
世界遺産 2008.08.24　五大陸スペシャルII～空から見る文化遺産～
世界遺産 2008.08.17　五大陸スペシャルI～空から見る自然遺産～
世界遺産 2008.08.10　万里の長城
世界遺産 2008.08.03　オリンピアの古代遺跡
世界遺産 2008.07.27　マヌー国立公園
世界遺産 2008.07.20　ヴィエリチカ岩塩坑
世界遺産 2008.07.13　セビリア大聖堂、アルカサル、インディアス古文書館
世界遺産 2008.07.06　ティカル国立公園
世界遺産 2008.06.29　プリトヴィツェ湖群国立公園
世界遺産 2008.06.22　ナスカの地上絵
世界遺産 2008.06.15　アマルフィ海岸
世界遺産 2008.06.08　ハワイ火山国立公園
世界遺産 2008.06.01　ギョレメ国立公園およびカッパドキアの岩石遺跡群
世界遺産 2008.05.25　キンデルダイクの風車群
世界遺産 2008.05.18　フィレンツェ歴史地区
世界遺産 2008.05.11　アブシンベルからフィラエまでのヌビア遺跡群
世界遺産 2008.05.04　クィーンズランドの湿潤熱帯地域
世界遺産 2008.04.27　チチェン・イツァーの古代都市
世界遺産 2008.04.20　イスタンブール歴史地区
世界遺産 2008.04.13　ヴェルサイユ宮殿と庭園
世界遺産 2008.04.06　モン・サン・ミシェル＆イグアス国立公園
世界遺産 2009.12.20　2009年総集編
世界遺産 2009.12.13　ホローケーの古い村落
世界遺産 2009.12.06　黄龍
世界遺産 2009.11.29　マヤSPECIAL
世界遺産 2009.11.22　タージマハル
世界遺産 2009.11.15　西ノルウェーのフィヨルド群
世界遺産 2009.11.08　プラハ歴史地区
世界遺産 2009.11.01　武夷山
世界遺産 2009.10.25　ナンダデヴィと花の谷国立公園
世界遺産 2009.10.18　パリのセーヌ河岸
世界遺産 2009.10.11　ラサのポタラ宮歴史地区
世界遺産 2009.10.04　ハルシュタット、ダハシュタイン、ザルツカンマーグートの文化的景観
世界遺産 2009.09.27　コモド国立公園
世界遺産 2009.09.20　ペタヤヴェシの古い教会
世界遺産 2009.09.13　ボロブドゥール寺院遺跡群
世界遺産 2009.09.06　アイアンブリッジ峡谷
世界遺産 2009.08.30　コルディレラの棚田
世界遺産 2009.08.16　ヨセミテ国立公園
世界遺産 2009.08.09　ヴュルツブルク司教館、その庭園群と広場
世界遺産 2009.08.02　ストーンヘンジ、エーヴベリーと関連する遺跡群
世界遺産 2009.07.26　オルチア渓谷
世界遺産 2009.07.19　セレンゲティ国立公園 II
世界遺産 2009.07.12　セレンゲティ国立公園I
世界遺産 2009.07.05　古都ホイアン
世界遺産 2009.06.28　ヴェネツィアとその潟
世界遺産 2009.06.21　グランドキャニオン国立公園
世界遺産 2009.06.14　モシ・オア・トゥニャ/ヴィクトリアの滝
世界遺産 2009.06.07　ピサのドゥオモ広場
世界遺産 2009.05.31　シアンカアン(ユカタン半島)
世界遺産 2009.05.24　ベルリンの近代集合住宅群
世界遺産 2009.05.17　バチカン市国
世界遺産 2009.05.10　ウルル・カタジュタ国立公園
世界遺産 2009.04.26　日本の古都スペシャルII～絢爛たる美の殿堂（京都・二条城）
世界遺産 2009.04.19　日本の古都スペシャルＩ～壮大なる祈りの世界（奈良・東大寺）
世界遺産 2009.04.12　ンゴロンゴロ保全地域
世界遺産 2009.04.05　シェーンブルン宮殿と庭園群
世界遺産 2009.03.29　マテーラの洞窟住居と岩窟教会公園
世界遺産 2009.03.22　フレーザー島
世界遺産 2009.03.15　ジェノヴァ/レ・ストラーデ・ヌオーヴェとパラッツィ・デイ・ロッリ制度(イタリア)
世界遺産 2009.03.08　福建の土楼
世界遺産 2009.03.01　アンコール
世界遺産 2009.02.22　タスマニア原生地域
世界遺産 2009.02.15　レーティシュ鉄道アルブラ線・ベルニナ線と周辺の景観
世界遺産 2009.02.08　雲南の三江併流保護地域
世界遺産 2009.02.01　ロス・グラシアレス
世界遺産 2009.01.25　ヴルコリニェツ
世界遺産 2009.01.18　超時空スペシャルII
世界遺産 2009.01.11　超時空スペシャルI
世界遺産 2010.12.19　ベストショット！2010　旅のすべて
世界遺産 2010.12.12　ソコトラ諸島
世界遺産 2010.12.05　古代都市パレンケと国立公園
世界遺産 2010.11.28　絵画の旅スペシャルII：都市を愛した印象派
世界遺産 2010.11.21　絵画の旅スペシャルI：山水画を生んだ原風景
世界遺産 2010.11.14　ウォータートン グレーシャー国際平和自然公園
世界遺産 2010.11.07　サンマリノ歴史地区とティターノ山
世界遺産 2010.10.31　イビサ　生物多様性と文化
世界遺産 2010.10.24　世界一スペシャル(文化編)
世界遺産 2010.10.17　世界一スペシャル(自然編)
世界遺産 2010.10.10　ドロミーティ
世界遺産 2010.10.03　明・清朝の皇帝陵墓群
世界遺産 2010.09.26　ワスカラン国立公園
世界遺産 2010.09.19　カゼルタの王宮、水道橋とサン レウチョ邸宅群
世界遺産 2010.09.12　泰山
世界遺産 2010.09.05　リオ・ピントゥラスの手の洞窟
世界遺産 2010.08.29　カジランガ国立公園
世界遺産 2010.08.22　イルリサット・アイスフィヨルド
世界遺産 2010.08.08　メキシコシティーの歴史地区とソチミルコ
世界遺産 2010.08.01　ニューカレドニアのラグーン
世界遺産 2010.07.25　アルタミラ洞窟と北スペインの洞窟壁画
世界遺産 2010.07.18　グアナカステ保全地域
世界遺産 2010.07.11　ぺトラ
世界遺産 2010.07.04　エルビスカイノのクジラ保護区
世界遺産 2010.06.27　ウェストミンスター宮殿とアビー聖堂　ロンドン塔
世界遺産 2010.06.20　インドの山岳鉄道群
世界遺産 2010.06.13　アフリカ特集II
世界遺産 2010.06.06　アフリカ特集Ｉ
世界遺産 2010.05.30　テ・ワヒポウナム
世界遺産 2010.05.23　カタルーニャ音楽堂とサン・パウ病院
世界遺産 2010.05.16　中央アマゾン保全地域群
世界遺産 2010.05.09　ヒエラポリスとパムッカレ
世界遺産 2010.04.25　ブウィンディ原生国立公園
世界遺産 2010.04.18　バルデス半島
世界遺産 2010.04.11　サンタ・マリア・デッレ・グラツィエ修道院の「最後の晩餐」
世界遺産 2010.04.04　ルウェンゾリ山地国立公園
世界遺産 2010.03.28　シュトルーヴェの測地弧
世界遺産 2010.03.21　リドー運河
世界遺産 2010.03.14　カナイマ国立公園II
世界遺産 2010.03.07　カナイマ国立公園I
世界遺産 2010.02.28　済州島の火山と溶岩洞窟群
世界遺産 2010.02.21　開平の望楼群と村落
世界遺産 2010.02.14　カナディアンロッキー山脈自然公園
世界遺産 2010.02.07　知床ＩＩ
世界遺産 2010.01.31　知床I
世界遺産 2010.01.24　コナーラクの太陽神寺院
世界遺産 2010.01.17　鉄道で越えるアルプスの旅
世界遺産 2010.01.10　船でめぐるドナウの旅
世界遺産 2011.12.18　ベストショット！2011年　旅のすべて
世界遺産 2011.12.11　セラード保護地域群
世界遺産 2011.12.04　空から見る日本II　文化遺産のすべて
世界遺産 2011.11.27　空から見る日本I　自然遺産のすべて
世界遺産 2011.11.20　キジ島の木造教会
世界遺産 2011.11.13　レユニオン島の火山峰
世界遺産 2011.11.06　ナハニ国立公園
世界遺産 2011.10.30　シルクロードの旅ＩＩ：ヨーロッパが憧れた幻の青い磁器
世界遺産 2011.10.23　シルクロードの旅I：ヴィーナスから大仏が生まれた
世界遺産 2011.10.16　ユングフラウ　アレッチュ氷河
世界遺産 2011.10.09　ミケーネとティリンスの古代遺跡群
世界遺産 2011.10.02　パンタナール保全地域
世界遺産 2011.09.25　インド洋の秘境II ： アツィナナナの雨林群
世界遺産 2011.09.18　インド洋の秘境I ： チンギ ド ベマラハ厳正自然保護区
世界遺産 2011.09.11　グロスモーン国立公園
世界遺産 2011.09.04　コパンのマヤ遺跡
世界遺産 2011.08.21　ビキニ環礁核実験場
世界遺産 2011.08.07　アムステルダムの17世紀の環状運河地区
世界遺産 2011.07.31　8000ｍ峰の世界II：サガルマータ国立公園
世界遺産 2011.07.24　8000ｍ峰の世界I：サガルマータ国立公園
世界遺産 2011.07.17　サハラの4つの古い都市
世界遺産 2011.07.10　ラス メドゥラス
世界遺産 2011.07.03　小笠原諸島
世界遺産 2011.06.26　平泉-浄土を表す建築・庭園
世界遺産 2011.06.19　ネムルットダウ
世界遺産 2011.06.12　地球史II： バイカル湖
世界遺産 2011.06.05　地球史I ： ケニア山国立公園
世界遺産 2011.05.29　ブダペストのドナウ河岸
世界遺産 2011.05.22　古代都市テオティワカン
世界遺産 2011.05.15　アクスム
世界遺産 2011.05.08　カールズバッド洞窟群国立公園
世界遺産 2011.04.24　リュウゼツラン景観とテキーラの古い産業施設群
世界遺産 2011.04.17　パルミラの遺跡
世界遺産 2011.04.10　知られざる 「地球の絶景　10選 」
世界遺産 2011.04.03　知られざる「人類の傑作10選」
世界遺産 2011.03.27　ピレネー山脈－ペルデュ山
世界遺産 2011.03.20　“天地の中心” 登封の歴史的建造物群
世界遺産 2011.03.06　白川郷・五箇山の合掌造り集落
世界遺産 2011.02.27　バンディアガラの断崖～ドゴンの地
世界遺産 2011.02.20　インカのすべてII
世界遺産 2011.02.13　インカのすべてI
世界遺産 2011.02.06　ドゥブロヴニク旧市街
世界遺産 2011.01.30　中国の丹霞地形
世界遺産 2011.01.23　国立歴史公園 “シタデル、サン スーシ、ラミエ”
世界遺産 2011.01.16　ヨーロッパの旅II「ライン川を北へ」
世界遺産 2011.01.09　ヨーロッパの旅Ｉ「ローマ街道を南へ 」
世界遺産 2012.12.23　ベストショット！2012年旅のすべて
世界遺産 2012.12.16　ナポリ歴史地区
世界遺産 2012.12.09　アルヒジュル古代遺跡
世界遺産 2012.12.02　モーン・トロワ・ピトン国立公園
世界遺産 2012.11.25　アラスカ・カナダの氷河地帯II
世界遺産 2012.11.18　アラスカ・カナダの氷河地帯I
世界遺産 2012.11.11　古都京都の文化財
世界遺産 2012.11.04　スルツエイ
世界遺産 2012.10.28　オブスノール盆地
世界遺産 2012.10.21　カムチャツカ火山群II
世界遺産 2012.10.14　カムチャツカ火山群I
世界遺産 2012.10.07　カカドゥ国立公園
世界遺産 2012.09.30　ポントカサステ水路橋と運河
世界遺産 2012.09.23　ワッデン海
世界遺産 2012.09.09　武当山の古建築群
世界遺産 2012.09.02　マラウイ湖国立公園
世界遺産 2012.08.26　ヒトと食II　コショウが世界を変えた
世界遺産 2012.08.19　ヒトと食I　小麦が文明をつくった
世界遺産 2012.07.29　コロンビア・コーヒーの文化的景観
世界遺産 2012.07.22　トンガリロ国立公園
世界遺産 2012.07.08　スリランカ中央高原
世界遺産 2012.07.01　テイデ国立公園
世界遺産 2012.06.24　リスボンのジェロニモス修道院とベレンの塔
世界遺産 2012.06.17　古代大陸II　ニンガルーコースト
世界遺産 2012.06.10　古代大陸I　グレーター・ブルーマウンテンズ地域
世界遺産 2012.06.03　キナバル自然公園
世界遺産 2012.05.27　杭州西湖の文化的景観
世界遺産 2012.05.20　巨大人形の祭りII　オリンダ歴史地区
世界遺産 2012.05.13　巨大人形の祭りI　バレンシアの絹取引所
世界遺産 2012.05.06　古代都市シーギリヤ
世界遺産 2012.04.22　ガラパゴス諸島
世界遺産 2012.04.15　マカオ歴史地区
世界遺産 2012.04.08　アフリカ冒険II　カフジ・ビエガ国立公園
世界遺産 2012.04.01　アフリカ冒険I　キリマンジャロ国立公園
世界遺産 2012.03.25　ヴァルベリ無線電信局
世界遺産 2012.03.18　ブラジリア
世界遺産 2012.03.11　ラリベラの岩窟教会群
世界遺産 2012.03.04　ラショードフォン、ルロクル 時計製造の町
世界遺産 2012.02.26　ハイコーストとクヴァルケン群島
世界遺産 2012.02.19　コルシカ島のポルト湾周辺
世界遺産 2012.02.12　トゥルカナ湖国立公園群
世界遺産 2012.02.05　ウマワカ渓谷
世界遺産 2012.01.29　法隆寺地域の仏教建造物
世界遺産 2012.01.22　ドロットニングホルムの王領地
世界遺産 2012.01.15　文明クルーズII　長江 謎の古代王国へ
世界遺産 2012.01.08　文明クルーズI　エーゲ海　ヨーロッパのはじまりへ
世界遺産 2012.01.01　辰年スペシャル　北京と瀋陽の故宮
世界遺産 2013.12.22　ベストショット！2013年の旅
世界遺産 2013.12.15　タブリーズのバザール
世界遺産 2013.12.08　ピナカテ火山とアルタル大砂漠
世界遺産 2013.12.01　オリンピック国立公園
世界遺産 2013.11.24　ブラジルの大西洋の島々
世界遺産 2013.11.17　エトナ山
世界遺産 2013.11.10　リオアビセオ国立公園
世界遺産 2013.11.03　レッドウッド国立および州立公園
世界遺産 2013.10.27　ウジュンクロン国立公園
世界遺産 2013.10.20　イシマンガリソ自然公園
世界遺産 2013.10.13　屋久島 IＩ
世界遺産 2013.10.06　屋久島 I
世界遺産 2013.09.29　パーヌルル国立公園
世界遺産 2013.09.22　コースとセヴェンヌの牧畜が生んだ景観
世界遺産 2013.09.15　ピリン国立公園
世界遺産 2013.09.08　ドンパヤイェン・カオヤイ森林群
世界遺産 2013.09.01　西オーストラリアのシャーク湾
世界遺産 2013.08.18　中央運河の水力式リフト
世界遺産 2013.08.11　プエルト・プリンセサ地底河川国立公園
世界遺産 2013.07.28　レーティシュ鉄道 アルブラ線とベルニナ線
世界遺産 2013.07.21　チトワン国立公園
世界遺産 2013.07.07　ペルシア庭園
世界遺産 2013.06.30　富士山－信仰の対象と芸術の源泉II
世界遺産 2013.06.23　富士山－信仰の対象と芸術の源泉I
世界遺産 2013.06.16　コイバ国立公園
世界遺産 2013.06.09　ジャイプルの天体観測施設
世界遺産 2013.06.02　南部ラグーンのロックアイランド群
世界遺産 2013.05.26　グヌンムル国立公園
世界遺産 2013.05.19　マッコーリー島
世界遺産 2013.05.12　マナス野生生物保護区
世界遺産 2013.04.28　マルペロ島の生物保護区
世界遺産 2013.04.21　古代都市エルタヒン
世界遺産 2013.04.14　グレートリフトバレーの湖群
世界遺産 2013.04.07　ロレンツ国立公園
世界遺産 2013.03.31　サンガ川流域の森林地帯
世界遺産 2013.03.17　カリフォルニア湾の島々と保護地域群
世界遺産 2013.03.10　バース市街
世界遺産 2013.03.03　バリ島の棚田と水利システム
世界遺産 2013.02.24　大ローマ帝国II
世界遺産 2013.02.17　大ローマ帝国I
世界遺産 2013.02.03　カルタヘナの港と要塞
世界遺産 2013.01.27　シュンドルボン
世界遺産 2013.01.20　アメリカ・カリブの旅II　カリブ海クルーズぐるっと一周
世界遺産 2013.01.13　アメリカ・カリブの旅I　アメリカ横断鉄道5500キロ
世界遺産 2014.12.21　ベストショット！2014年旅のすべて
世界遺産 2014.12.14　フォンテーヌブロー宮殿と庭園
世界遺産 2014.12.07　グレートスモーキー山脈国立公園
世界遺産 2014.11.30　ゼメリング鉄道
世界遺産 2014.11.16　シアン・カアン
世界遺産 2014.11.09　サーミ人地域
世界遺産 2014.11.02　コモド国立公園
世界遺産 2014.10.19　ヨセミテ国立公園
世界遺産 2014.10.12　オーストラリア東海岸スペシャルII フレーザー島
世界遺産 2014.10.05　オーストラリア東海岸スペシャルI　グレートバリアリーフ
世界遺産 2014.09.28　西ノルウェーのフィヨルド群
世界遺産 2014.09.21　スマトラ島の熱帯雨林
世界遺産 2014.09.14　大アフリカ・スペシャルII
世界遺産 2014.09.07　大アフリカ・スペシャルI
世界遺産 2014.08.24　ココ島国立公園
世界遺産 2014.08.10　ミディ運河
世界遺産 2014.08.03　ロス・グラシアレス国立公園
世界遺産 2014.07.20　トゥバタハ海洋公園
世界遺産 2014.07.13　マナ・プールズ国立公園
世界遺産 2014.07.06　エオリエ諸島
世界遺産 2014.06.29　富岡製糸場と絹産業遺産群
世界遺産 2014.06.22　ドニャーナ国立公園
世界遺産 2014.06.15　マロティ=ドラケンスバーグ公園
世界遺産 2014.06.08　パリのセーヌ河岸
世界遺産 2014.06.01　ゴンドワナ雨林
世界遺産 2014.05.25　リオ・プラタノ生物圏保護区
世界遺産 2014.05.18　古代都市ウシュマル
世界遺産 2014.05.11　ナミブ砂海
世界遺産 2014.04.27　ベリーズのバリアリーフ保護区
世界遺産 2014.04.20　ハロン湾
世界遺産 2014.04.13　タスマニア原生地域
世界遺産 2014.04.06　シミエン国立公園
世界遺産 2014.03.30　敦煌の莫高窟 II
世界遺産 2014.03.16　敦煌の莫高窟 I
世界遺産 2014.03.09　オオカバマダラ保護区
世界遺産 2014.03.02　ナスカの地上絵
世界遺産 2014.02.23　レナ川の石柱自然公園
世界遺産 2014.02.09　大自然スペシャルII　生物のふしぎな進化
世界遺産 2014.02.02　大自然スペシャルI　火山と氷河が生んだ地球のかたち
世界遺産 2014.01.19　アルフェルトのファグス靴型工場
世界遺産 2014.01.12　イタリア・スペシャルII　シチリア　火山と古代への旅
世界遺産 2014.01.05　イタリア・スペシャルI　トスカーナ　5000年の旅
世界遺産 2015.12.20　ベストショット！ ２０１５年 旅のすべて
世界遺産 2015.12.13　ピエモンテのブドウ畑景観
世界遺産 2015.12.06　グアナカステ保全地域
世界遺産 2015.11.29　放送20年スペシャルII　人が変えた世界遺産
世界遺産 2015.11.22　放送20年スペシャルI　自然が変えた世界遺産
世界遺産 2015.11.08　フォース鉄道橋
世界遺産 2015.11.01　ケープ・フローラ植物保護区
世界遺産 2015.10.25　リドー運河
世界遺産 2015.10.18　オカバンゴ・デルタ
世界遺産 2015.10.11　明治日本の産業革命遺産II
世界遺産 2015.10.04　明治日本の産業革命遺産I
世界遺産 2015.09.27　ザルツカンマーグート地方の文化的景観
世界遺産 2015.09.20　ドロミーティ
世界遺産 2015.09.13　クルシュー砂州
世界遺産 2015.09.06　ンゴロンゴロ自然保護区
世界遺産 2015.08.16　ポンペイの遺跡地域
世界遺産 2015.08.09　チャンアンの景観
世界遺産 2015.08.02　ヴィクトリアの滝
世界遺産 2015.07.19　バルーミニのヌラーゲ遺跡
世界遺産 2015.07.12　ドナウデルタ
世界遺産 2015.07.05　姫路城
世界遺産 2015.06.28　サヴォイア王家の王宮群
世界遺産 2015.06.21　ニューカレドニアのラグーン
世界遺産 2015.06.14　イスタンブール歴史地区
世界遺産 2015.06.07　エヴァグレーズ国立公園
世界遺産 2015.05.31　フェス旧市街
世界遺産 2015.05.24　テ・ワヒポウナム
世界遺産 2015.05.17　ヴァレッタ市街
世界遺産 2015.05.10　ハワイ火山国立公園
世界遺産 2015.04.26　イエローストーン国立公園
世界遺産 2015.04.19　アントニ・ガウディの作品群
世界遺産 2015.04.12　宇宙から見る日本 II
世界遺産 2015.04.05　宇宙から見る日本 I
世界遺産 2015.03.29　空から見るフランス
世界遺産 2015.03.22　ポトシ市街
世界遺産 2015.03.15　ダリエン国立公園
世界遺産 2015.03.08　ルアンパバーンの町
世界遺産 2015.03.01　アグテレクとスロバキアの鍾乳洞群
世界遺産 2015.02.22　アンコール遺跡
世界遺産 2015.02.15　古都トレド
世界遺産 2015.02.08　マヌー国立公園
世界遺産 2015.01.25　ジャイアンツ・コーズウェイとその海岸
世界遺産 2015.01.18　ヴァッハウ渓谷の文化的景観
世界遺産 2015.01.11　アンデス・スペシャルII　列車でゆく天空のインカ帝国
世界遺産 2015.01.04　アンデス・スペシャルI　激走！7500キロの大山脈
世界遺産 2016.12.18　ベストショット！　2016年 旅のすべて
世界遺産 2016.12.04　パレルモのアラブ・ノルマン建築群
世界遺産 2016.11.27　レユニオン島の火山峰
世界遺産 2016.11.20　ナンマトル遺跡
世界遺産 2016.11.13　ノエル・ケンプ・メルカード国立公園
世界遺産 2016.11.06　チンクエ・テッレ
世界遺産 2016.10.30　ヒマラヤが生んだ世界遺産
世界遺産 2016.10.23　ル・コルビュジエの建築作品
世界遺産 2016.10.16　ウッド・バッファロー国立公園
世界遺産 2016.10.09　キト市街
世界遺産 2016.10.02　メ渓谷自然保護区
世界遺産 2016.09.25　嚴島神社
世界遺産 2016.09.18　トゥンヤイ・ファイカケン野生生物保護区
世界遺産 2016.09.11　要塞都市クエンカ
世界遺産 2016.09.04　セルー動物保護区
世界遺産 2016.08.21　テムズ川でゆく！英国の世界遺産
世界遺産 2016.08.07　サマルカンド 文化の交差路
世界遺産 2016.07.31　放送20周年スペシャル 巨大帝国の首都・ローマ II 『古代ローマ 帝国を支えたテヴェレ川 』
世界遺産 2016.07.24　放送20周年スペシャル 巨大帝国の首都・ローマ I 『古代ローマ 驚異の建築技術』
世界遺産 2016.07.17　セレンゲティ国立公園
世界遺産 2016.07.10　サルアルカの大草原と湖沼群
世界遺産 2016.07.03　カラクムルの古代マヤ都市と熱帯林
世界遺産 2016.06.26　カナイマ国立公園
世界遺産 2016.06.19　アルベロベッロのトゥルッリ
世界遺産 2016.06.12　ピトン管理地域
世界遺産 2016.06.05　アルルのローマ遺跡とロマネスク建築
世界遺産 2016.05.29　マデイラ島の照葉樹の森
世界遺産 2016.05.22　ロードハウ諸島
世界遺産 2016.05.15　シンハラジャ森林保護区
世界遺産 2016.05.08　レンネル島 東部
世界遺産 2016.04.24　放送20周年スペシャル　大河ナイルの旅II　海に沈んだクレオパトラの宮殿
世界遺産 2016.04.10　放送20周年スペシャル 大河ナイルの旅I 氷河の一滴から黄金の国へ
世界遺産 2016.04.03　シントラの文化的景観
世界遺産 2016.03.20　マチュピチュ歴史保護区
世界遺産 2016.03.13　女王の階段井戸
世界遺産 2016.03.06　ドゥルミトル国立公園
世界遺産 2016.02.28　古都アユタヤ
世界遺産 2016.02.21　アテネのアクロポリス
世界遺産 2016.02.14　フエの建造物群
世界遺産 2016.02.07　ガラホナイ国立公園
世界遺産 2016.01.31　シンガポール植物園
世界遺産 2016.01.24　カトマンズ盆地
世界遺産 2016.01.17　新春スペシャル オーストラリア大陸 II
世界遺産 2016.01.10　新春スペシャル オーストラリア大陸 I
世界遺産 2017.12.24　ベストショット！ 2017年 旅のすべて
世界遺産 2017.12.10　シャンパーニュ地方の丘陵とメゾンとカーヴ
世界遺産 2017.12.03　サランレバン大製塩所からアルケスナン王立製塩所までの平釜製塩
世界遺産 2017.11.26　全部見せます！タイの世界遺産
世界遺産 2017.11.19　皇妃エリザベートと２つの都
世界遺産 2017.11.12　マテーラの洞窟住居と岩窟教会公園
世界遺産 2017.11.05　シホテアリン山脈中央部
世界遺産 2017.10.22　サンマリノ歴史地区とティターノ山
世界遺産 2017.10.15　サンガネブ海洋国立公園とドゥンゴナブ湾＝ムッカワル島海洋国立公園
世界遺産 2017.10.08　紀伊山地の霊場と参詣道II
世界遺産 2017.10.01　紀伊山地の霊場と参詣道I
世界遺産 2017.09.24　「神宿る島」宗像・沖ノ島と関連遺産群
世界遺産 2017.09.17　アツィナナナの雨林群
世界遺産 2017.09.10　イルリサット・アイスフィヨルド
世界遺産 2017.09.03　タラゴナの遺跡群
世界遺産 2017.08.27　ヴェネツィアとその潟
世界遺産 2017.08.20　小笠原諸島
世界遺産 2017.07.30　バイカル湖
世界遺産 2017.07.23　沖ノ島と日本の世界遺産すべて！
世界遺産 2017.07.09　ツィンギ・ド・ベマラハ厳正自然保護区
世界遺産 2017.07.02　ボロブドゥール寺院遺跡群
世界遺産 2017.06.25　プリトヴィッツェ湖群国立公園
世界遺産 2017.06.18　シングヴェトリル国立公園
世界遺産 2017.06.11　コルシカ島のポルト湾周辺
世界遺産 2017.06.04　ラパ・ヌイ国立公園
世界遺産 2017.05.28　キナバル自然公園
世界遺産 2017.05.21　ウルル・カタジュタ国立公園
世界遺産 2017.05.14　中央アマゾン保全地域群
世界遺産 2017.05.07　イグアス国立公園
世界遺産 2017.04.23　日光の社寺
世界遺産 2017.04.16　エル・ビスカイノのクジラ保護区
世界遺産 2017.04.09　放送1000回記念　サンガイ国立公園
世界遺産 2017.04.02　放送1000回記念　サンガイ国立公園
世界遺産 2017.03.26　イビサ 生物多様性と文化
世界遺産 2017.03.12　クイーンズランドの湿潤熱帯地域
世界遺産 2017.03.05　ワルシャワ歴史地区
世界遺産 2017.02.26　ジョギンズ化石断崖
世界遺産 2017.02.19　メロエの古代遺跡群
世界遺産 2017.02.12　スレバルナ自然保護区
世界遺産 2017.02.05　琉球王国のグスク及び関連遺産群
世界遺産 2017.01.29　空から見るアメリカ大陸
世界遺産 2017.01.22　オマーンの水利システム
世界遺産 2017.01.15　マラッカ海峡の歴史都市
世界遺産 2017.01.08　スイス・アルプス　ユングフラウ-アレッチ
世界遺産 2018.12.23　ベストショット！ 2018年 旅のすべて
世界遺産 2018.12.09　シェヌ・デ・ピュイ火山群
世界遺産 2018.12.02　ウォータートングレーシャー国際平和自然公園
世界遺産 2018.11.25　ホルトバージ国立公園
世界遺産 2018.11.18　ワッデン海
世界遺産 2018.11.11　トラムンタナ山脈の文化的景観
世界遺産 2018.11.04　雲南の三江併流保護地域
世界遺産 2018.10.21　グロスモーン国立公園
世界遺産 2018.10.14　アッパー・スヴァネティ
世界遺産 2018.10.07　コトルの自然と歴史地域
世界遺産 2018.09.30　ピレネー山脈 ペルデュ山
世界遺産 2018.09.23　エトナ山
世界遺産 2018.09.09　イギリスの湖水地方
世界遺産 2018.09.02　ロペ・オカンダの生態系と文化的景観
世界遺産 2018.08.26　タプタプアテア
世界遺産 2018.08.19　ワスカラン国立公園
世界遺産 2018.08.05　グレートリフトバレーの湖群
世界遺産 2018.07.29　特別企画 マリー・アントワネット 最後の家
世界遺産 2018.07.22　特別企画 マリー・アントワネットの世界遺産
世界遺産 2018.07.08　長崎と天草地方の潜伏キリシタン関連遺産
世界遺産 2018.07.01　世界遺産の島々スペシャル 不思議な島めぐり
世界遺産 2018.06.24　中国南部カルスト
世界遺産 2018.06.17　テンブレケ神父の水道橋
世界遺産 2018.06.10　カジランガ国立公園
世界遺産 2018.06.03　国境防衛都市エルヴァスと要塞群
世界遺産 2018.05.27　中央スリナム自然保護区
世界遺産 2018.05.20　武陵源の自然景観
世界遺産 2018.05.13　レビジャヒヘド諸島
世界遺産 2018.04.29　モデナの大聖堂,市民の塔とグランデ広場
世界遺産 2018.04.22　大西洋岸の森 南東保護区群
世界遺産 2018.04.15　カタルーニャ音楽堂とサン・パウ病院
世界遺産 2018.04.08　ケニア山国立公園／自然林
世界遺産 2018.04.01　ジャンヌ・ダルクを巡る 世界遺産の旅
世界遺産 2018.03.25　タイ国立公園
世界遺産 2018.03.11　鉱山の町ローロスとその周辺
世界遺産 2018.03.04　シューシュタルの歴史的水利システム
世界遺産 2018.02.25　ウィーン歴史地区
世界遺産 2018.02.18　メイマンドの文化的景観
世界遺産 2018.02.11　バルデス半島
世界遺産 2018.02.04　済州島の火山と溶岩洞窟群
世界遺産 2018.01.28　ブリュージュ歴史地区
世界遺産 2018.01.21　パンタナール保全地域
世界遺産 2018.01.14　エフェソス
世界遺産 2018.01.07　空から見る地球
世界遺産 2018.01.06　カリブ海の世界遺産
世界遺産 2019.04.28　開平の楼閣群と村落
世界遺産 2019.04.21　テイデ国立公園
世界遺産 2019.04.14　チリビケテ国立公園Ⅱ
世界遺産 2019.04.07　チリビケテ国立公園Ⅰ
世界遺産 2019.03.31　特別企画！天空の世界遺産ベスト10
世界遺産 2019.03.17　ディキスの石球のある首長制集落群
世界遺産 2019.03.10　ヒエラポリスとパムッカレ
世界遺産 2019.03.03　南部ラグーンのロックアイランド群
世界遺産 2019.02.24　プランバナン寺院遺跡群
世界遺産 2019.02.17　紅河ハニ棚田の文化的景観
世界遺産 2019.02.10　ボイン川沿いの遺跡群
世界遺産 2019.02.03　グヌンムル国立公園
世界遺産 2019.01.20　ワディ・ラム保護地域
世界遺産 2019.01.13　リュウゼツランの景観とテキーラの古い産業施設群
世界遺産 2019.01.06　カリブ海の世界遺産
世界遺産 第585回：2008.03.23放送：ロレンツ国立公園 II
世界遺産 第584回：2008.03.16放送：ロレンツ国立公園 I
世界遺産 第583回：2008.03.09放送：慶州歴史地区
世界遺産 第582回：2008.03.02放送：タムガルの考古的景観にある岩絵群
世界遺産 第581回：2008.02.24放送：ビスカヤ橋
世界遺産 第580回：2008.02.17放送：ニサのパルティア時代の要塞
世界遺産 第580回：2008.02.17放送：国立歴史文化公園“古代メルヴ”
世界遺産 第579回：2008.02.10放送：パーヌルル国立公園
世界遺産 第578回：2008.02.03放送：サンクト・ペテルブルグ歴史地区と関連建造物群 II
世界遺産 第577回：2008.01.27放送：サンクト・ペテルブルグ歴史地区と関連建造物群 I
世界遺産 第576回：2008.01.13放送：シドニー・オペラ・ハウス
世界遺産 第575回：2008.01.06放送：スマトラの熱帯雨林遺産
世界遺産 第574回：2007.12.23放送：サンティアゴ・デ・コンポステーラ（旧市街）
世界遺産 第573回：2007.12.16放送：サマルカンド─文化交差路
世界遺産 第572回：2007.12.09放送：ボルドー・月の港
世界遺産 第571回：2007.12.02放送：アッシジ、サンフランチェスコ聖堂と関連遺跡群
世界遺産 第570回：2007.11.25放送：古典主義の都ヴァイマール
世界遺産 第569回：2007.11.18放送：サカテカス歴史地区
世界遺産 第568回：2007.11.11放送：氷河　Glacier ～世界遺産が語る地球46億年 II～
世界遺産 第567回：2007.11.04放送：火山　Volcanoes　～世界遺産が語る地球46億年 I～
世界遺産 第566回：2007.10.28放送：リュウゼツラン景観とテキーラの伝統的産業施設群
世界遺産 第565回：2007.10.21放送：アイールとテネレの自然保護区
世界遺産 第564回：2007.10.14放送：アルベロベッロのトゥルッリ
世界遺産 第563回：2007.10.07放送：ソロヴェツキー諸島の文化と歴史遺産群
世界遺産 第562回：2007.09.30放送：ザモシチ旧市街
世界遺産 第561回：2007.09.23放送：キュー王立植物園
世界遺産 第560回：2007.09.16放送：チュニス旧市街
世界遺産 第559回：2007.09.09放送：屋久島 II
世界遺産 第558回：2007.09.02放送：屋久島 I
世界遺産 第557回：2007.08.26放送：プランタン－モレトゥスの家屋・工房・博物館複合体
世界遺産 第556回：2007.08.19放送：古都アユタヤ
世界遺産 第555回：2007.08.12放送：プエルト・プリンセサ地下河川国立公園
世界遺産 第554回：2007.08.05放送：ハバナ旧市街と要塞
世界遺産 第553回：2007.07.22放送：マルタの巨石神殿群
世界遺産 第552回：2007.07.15放送：アントニ・ガウディの作品群 II
世界遺産 第551回：2007.07.08放送：アントニ・ガウディの作品群 I
世界遺産 第550回：2007.07.01放送：石見銀山遺跡とその文化的景観
世界遺産 第549回：2007.06.24放送：ジェンネ旧市街
世界遺産 第548回：2007.06.17放送：リヴァプール 海商都市
世界遺産 第547回：2007.06.10放送：ヤヴォルとシフィドニツァの平和教会
世界遺産 第546回：2007.06.03放送：ハーロン湾
世界遺産 第545回：2007.05.27放送：プエブロ・デ・タオス
世界遺産 第544回：2007.05.20放送：ピコ島のブドウ園文化の景観
世界遺産 第543回：2007.05.13放送：ヴァル・ディ・ノートの後期バロック様式の町々
世界遺産 第542回：2007.05.06放送：万里の長城（II）
世界遺産 第541回：2007.04.29放送：万里の長城（I）
世界遺産 第540回：2007.04.22放送：エオリエ諸島
世界遺産 第539回：2007.04.15放送：アイット－ベン－ハドゥの集落
世界遺産 第538回：2007.04.08放送：古代都市ウシュマル
世界遺産 第537回：2007.04.01放送：モルドヴァ地方の教会群
世界遺産 第536回：2007.03.25放送：九寨溝の自然景観と歴史地区
世界遺産 第535回：2007.03.11放送：サラマンカ旧市街
世界遺産 第534回：2007.03.04放送：オルホン渓谷の文化的景観
世界遺産 第533回：2007.02.25放送：ヒエラポリスとパムッカレ
世界遺産 第532回：2007.02.18放送：ルイス・バラガン邸と仕事場
世界遺産 第531回：2007.02.11放送：ナハニ国立公園
世界遺産 第530回：2007.02.04放送：プラハ歴史地区
世界遺産 第529回：2007.01.28放送：日本の世界遺産II～自然遺産のすべて～
世界遺産 第528回：2007.01.21放送：日本の世界遺産I～文化遺産のすべて～
世界遺産 第527回：2007.01.07放送：四川のジャイアントパンダ保護区群
世界遺産 第526回：2006.12.24放送：テッサロニキの初期キリスト教とビザンティン様式の建造物群
世界遺産 第525回：2006.12.17放送：古都平遥
世界遺産 第524回：2006.12.10放送：ローマの水道橋　ポン・デュ・ガール
世界遺産 第523回：2006.12.03放送：イベリア半島 地中海沿岸地方の岩絵
世界遺産 第522回：2006.11.26放送：サナア旧市街
世界遺産 第521回：2006.11.19放送：メテオラ
世界遺産 第520回：2006.11.12放送：ワインのある風景　世界遺産の記憶
世界遺産 第519回：2006.11.05放送：黄金の世界史　世界遺産の記憶
世界遺産 第518回：2006.10.29放送：ウッド・バッファロー国立公園
世界遺産 第517回：2006.10.22放送：リマ歴史地区
世界遺産 第516回：2006.10.15放送：峨眉山と楽山大仏
世界遺産 第515回：2006.10.08放送：モスタル旧市街の古橋地区
世界遺産 第514回：2006.10.01放送：ゲベル・バルカルとナパタ地域の遺跡群
世界遺産 第513回：2006.09.24放送：アルケスナンの王立製塩所
世界遺産 第512回：2006.09.17放送：タフテ・ソレイマーン
世界遺産 第511回：2006.09.10放送：ハンザ同盟都市ヴィスビー
世界遺産 第510回：2006.09.03放送：チャビンの考古遺跡
世界遺産 第509回：2006.08.27放送：アウシュヴィッツ強制収容所
世界遺産 第508回：2006.08.20放送：グアダラハラのオスピシオ・カバーニャス
世界遺産 第507回：2006.08.13放送：中世市場都市プロヴァン
世界遺産 第506回：2006.08.06放送：武陵源の自然景観と歴史地域
世界遺産 第505回：2006.07.30放送：タスマニア原生地域（II）
世界遺産 第504回：2006.07.23放送：タスマニア原生地域（I）
世界遺産 第503回：2006.07.16放送：イェリング墳墓、ルーン文字石碑と教会
世界遺産 第503回：2006.07.16放送：ビルカとフーヴゴーデン
世界遺産 第502回：2006.07.09放送：チロエ諸島の教会
世界遺産 第501回：2006.07.02放送：イルリサット・アイスフィヨルド II
世界遺産 第500回：2006.06.25放送：イルリサット・アイスフィヨルド I
世界遺産 第499回：2006.06.18放送：チャトラパティ・シヴァージー・ターミナス駅
世界遺産 第498回：2006.06.11放送：シャーク湾、西オーストラリア
世界遺産 第497回：2006.05.28放送：世界遺産の記憶 レオナルド・ダ・ヴィンチ
世界遺産 第496回：2006.05.21放送：城壁都市シバーム
世界遺産 第495回：2006.05.14放送：古代都市チチェン・イツァ
世界遺産 第494回：2006.05.07放送：マチュ・ピチュの歴史保護区
世界遺産 第493回：2006.04.30放送：ベスト・オブ「世界遺産」 V　空から見る地球の素顔
世界遺産 第492回：2006.04.23放送：ベスト・オブ「世界遺産」 IV　エジプト古代文明の輝き
世界遺産 第491回：2006.04.16放送：ベスト・オブ「世界遺産」 III　海の驚異
世界遺産 第490回：2006.04.09放送：ベスト・オブ「世界遺産」 II　空から見るイタリア
世界遺産 第489回：2006.04.02放送：ベスト・オブ「世界遺産」 I　空から見る万里の長城
世界遺産 第488回：2006.03.26放送：クルアーニー／ランゲル・セントイライアス／グレイシャー・ベイ…
世界遺産 第487回：2006.03.19放送：クルアーニー／ランゲル・セントイライアス／グレイシャー・ベイ…
世界遺産 第486回：2006.03.12放送：マドリウ・ペラフィータ・クラロー渓谷
世界遺産 第485回：2006.03.05放送：マサダ
世界遺産 第484回：2006.02.26放送：エルサレム旧市街とその城壁II
世界遺産 第483回：2006.02.19放送：エルサレム旧市街とその城壁I
世界遺産 第482回：2006.02.12放送：デル・モンテ城
世界遺産 第481回：2006.02.05放送：スコーグスシュルコゴーデン
世界遺産 第480回：2006.01.29放送：ファテープル・シークリー
世界遺産 第479回：2006.01.22放送：サーミ人地域
世界遺産 第478回：2006.01.15放送：古都奈良の文化財
世界遺産 第477回：2006.01.08放送：白神山地
世界遺産 第476回：2005.12.25放送：リトルポーランドの木造教会群
世界遺産 第475回：2005.12.18放送：ティヴォリのヴィッラ・アドリアーナ
世界遺産 第475回：2005.12.18放送：ティヴォリのエステ家別荘
世界遺産 第474回：2005.12.11放送：バムとその文化的景観
世界遺産 第474回：2005.12.11放送：エバーグレーズ国立公園
世界遺産 第473回：2005.12.04放送：グランドキャニオン国立公園
世界遺産 第472回：2005.11.27放送：ミディ運河
世界遺産 第471回：2005.11.20放送：リオ・ピントゥラスの手の洞窟
世界遺産 第470回：2005.11.13放送：ブリュッセルのグランプラス
世界遺産 第469回：2005.11.06放送：古都グアナファトと近隣の鉱山群
世界遺産 第468回：2005.10.30放送：ターヌムの岩絵
世界遺産 第467回：2005.10.23放送：ヴァルベルイの無線電信局
世界遺産 第466回：2005.10.16放送：タージ・マハル
世界遺産 第465回：2005.10.09放送：ラパ・ヌイ国立公園
世界遺産 第464回：2005.10.02放送：セルー・ゲーム・リザーブ（II）
世界遺産 第463回：2005.09.25放送：セルー・ゲーム・リザーブ（I）
世界遺産 第462回：2005.09.18放送：マーマッラプラムの建造物群
世界遺産 第461回：2005.09.04放送：ラウマ旧市街
世界遺産 第460回：2005.08.28放送：マプングブエの文化的景観
世界遺産 第459回：2005.08.21放送：チャンパサックの文化的景観にあるワット・プーと関連古代遺産
世界遺産 第458回：2005.07.31放送：知床（II）
世界遺産 第457回：2005.07.24放送：知床(I)
世界遺産 第456回：2005.07.17放送：ペルセポリス
世界遺産 第455回：2005.07.10放送：ドレスデンのエルベ川流域
世界遺産 第454回：2005.07.03放送：フエの建造物群
世界遺産 第453回：2005.06.26放送：リートフェルト設計のシュレーダー邸
世界遺産 第452回：2005.06.19放送：泰山
世界遺産 第451回：2005.06.12放送：フィレンツェ歴史地区(II)
世界遺産 第450回：2005.06.05放送：フィレンツェ歴史地区(I)
世界遺産 第449回：2005.05.29放送：パナマのカリブ海沿岸の要塞群：ポルトベロとサン・ロレンソ
世界遺産 第449回：2005.05.29放送：パナマ・ビエホ古代遺跡とパナマ歴史地区
世界遺産 第448回：2005.05.22放送：イスファハーンのイマーム広場
世界遺産 第447回：2005.05.15放送：トシェビーチのユダヤ人地区と聖プロコピウス聖堂
世界遺産 第446回：2005.05.08放送：古代都市エル・タヒン
世界遺産 第445回：2005.05.01放送：秦の始皇帝陵
世界遺産 第444回：2005.04.24放送：ケープ・フロラ保護地域
世界遺産 第443回：2005.04.17放送：ガダーミス旧市街
世界遺産 第442回：2005.04.10放送：ブリュールのアウグストゥスブルク宮殿と別邸ファルケンルスト
世界遺産 第441回：2005.04.03放送：ダリエン国立公園
世界遺産 第440回：2005.03.27放送：ベルリンの博物館島
世界遺産 第439回：2005.03.20放送：ベリーズのバリア・リーフ保護区(II)
世界遺産 第438回：2005.03.13放送：ベリーズのバリア・リーフ保護区(I)
世界遺産 第437回：2005.03.06放送：ドゥブロヴニク旧市街
世界遺産 第436回：2005.02.27放送：ドゥッガ / トゥッガ
世界遺産 第435回：2005.02.20放送：トカイ地方のワイン産地の文化的景観
世界遺産 第434回：2005.02.13放送：黄山
世界遺産 第433回：2005.02.06放送：メンフィスとその墓地遺跡=ギザからダハシュールまでのピラミッ…
世界遺産 第432回：2005.01.30放送：メンフィスとその墓地遺跡=ギザからダハシュールまでのピラミッ…
世界遺産 第431回：2005.01.23放送：メンフィスとその墓地遺跡=ギザからダハシュールまでのピラミッ…
世界遺産 第430回：2005.01.16放送：紀伊山地の霊場と参詣道 II
世界遺産 第429回：2005.01.09放送：紀伊山地の霊場と参詣道 I
世界遺産 第428回：2004.12.26放送：レプティス・マグナの古代遺跡
世界遺産 第427回：2004.12.19放送：クルシュー砂州
世界遺産 第426回：2004.12.12放送：ウワダン、シンゲッティ、ティシットとウワラタの古い集落
世界遺産 第425回：2004.12.05放送：タリン旧市街
世界遺産 第424回：2004.11.28放送：ライン渓谷
世界遺産 第423回：2004.11.21放送：ウカシュランバ/ドラッケンズバーグ公園
世界遺産 第422回：2004.11.14放送：アレキーパ市歴史地区
世界遺産 第421回：2004.11.07放送：シングヴェットリル国立公園
世界遺産 第420回：2004.10.31放送：ザンジバル島のストーンタウン
世界遺産 第419回：2004.10.24放送：ユネスコ「無形文化遺産」スペシャル III
世界遺産 第418回：2004.10.17放送：ユネスコ「無形文化遺産」スペシャル II
世界遺産 第417回：2004.10.10放送：ユネスコ「無形文化遺産」スペシャル I
世界遺産 第416回：2004.10.03放送：トンガリロ国立公園
世界遺産 第415回：2004.09.26放送：孔廟・孔林・孔府
世界遺産 第414回：2004.09.19放送：ドニャーナ国立公園（II）
世界遺産 第413回：2004.09.12放送：ドニャーナ国立公園（I）
世界遺産 第412回：2004.09.05放送：スオメンリンナの要塞群
世界遺産 第411回：2004.08.29放送：チキトスのイエズス会伝道施設
世界遺産 第410回：2004.08.08放送：頤和園
世界遺産 第409回：2004.08.01放送：コルドバ歴史地区
世界遺産 第408回：2004.07.25放送：ウルル=カタ・ジュタ国立公園
世界遺産 第407回：2004.07.18放送：キリマンジャロ国立公園
世界遺産 第406回：2004.07.04放送：ポルト歴史地区
世界遺産 第405回：2004.06.27放送：蘇州古典庭園
世界遺産 第404回：2004.06.20放送：ティワナク：ティワナク文化の宗教的・政治的中心地
世界遺産 第403回：2004.06.13放送：バンダルガン国立公園
世界遺産 第402回：2004.06.06放送：麗江旧市街
世界遺産 第401回：2004.05.30放送：トロイ遺跡
世界遺産 第400回：2004.05.23放送：モン・サン・ミシェルとその湾
世界遺産 第399回：2004.05.16放送：ゴレ島
世界遺産 第398回：2004.05.09放送：レッドウッド国立公園
世界遺産 第397回：2004.05.02放送：イスラーム都市カイロ
世界遺産 第396回：2004.04.25放送：テ・ワヒポウナムII
世界遺産 第395回：2004.04.18放送：テ・ワヒポウナムI
世界遺産 第394回：2004.04.04放送：ビブロス
世界遺産 第393回：2004.03.28放送：シュリー・シュル・ロワールとシャロンヌ間のロワール渓谷
世界遺産 第392回：2004.03.21放送：ヨセミテ国立公園
世界遺産 第391回：2004.03.14放送：青城山と都江堰水利施設
世界遺産 第390回：2004.03.07放送：ムツヘタの歴史地区
世界遺産 第389回：2004.02.29放送：カトマンズ盆地
世界遺産 第388回：2004.02.22放送：セントラル･アマゾン自然保護区群
世界遺産 第387回：2004.02.15放送：マヌー国立公園
世界遺産 第386回：2004.02.08放送：雲南の三江併流保護地域（II）
世界遺産 第385回：2004.02.01放送：雲南の三江併流保護地域（I）
世界遺産 第384回：2004.01.25放送：ニュー・ラナーク
世界遺産 第383回：2004.01.18放送：古代都市テーベとその墓地遺跡(II)
世界遺産 第382回：2004.01.11放送：古代都市テーベとその墓地遺跡(I)
世界遺産 第381回：2004.01.04放送：古都京都の文化財IV
世界遺産 第380回：2003.12.28放送：アグテレク・カルストとスロヴァキア・カルストの洞窟群
世界遺産 第379回：2003.12.21放送：クヴェートリンブルクの教会、城と旧市街
世界遺産 第378回：2003.12.14放送：ハドリアヌスの防壁
世界遺産 第377回：2003.12.07放送：サガルマータ国立公園
世界遺産 第376回：2003.11.30放送：宗教都市アヌラーダプラ
世界遺産 第375回：2003.11.23放送：ストーンヘンジ、エーヴベリーと関連する遺跡群
世界遺産 第374回：2003.11.16放送：パンタナル自然保護区
世界遺産 第373回：2003.11.02放送：ティール
世界遺産 第372回：2003.10.26放送：ホルトバージ国立公園
世界遺産 第371回：2003.10.19放送：要塞都市クエンカ
世界遺産 第370回：2003.10.12放送：イエローストーン
世界遺産 第369回：2003.10.05放送：ラヴェンナの初期キリスト教建築群
世界遺産 第368回：2003.09.28放送：ユングフラウ、アレッチ、ビエッチホルン
世界遺産 第367回：2003.09.21放送：ブッダガヤの大菩提寺
世界遺産 第366回：2003.09.14放送：仏陀生誕の地ルンビニー
世界遺産 第365回：2003.09.07放送：古代都市パレンケと国立公園
世界遺産 第364回：2003.08.17放送：マラケシュの旧市街
世界遺産 第363回：2003.08.10放送：タラマンカ地方 ラ・アミスター保護区群／ラ・アミスター国立公…
世界遺産 第362回：2003.08.03放送：聖カタリナ修道院
世界遺産 第361回：2003.07.27放送：ヴェネツィアとその潟II
世界遺産 第360回：2003.07.20放送：ヴェネツィアとその潟I
世界遺産 第359回：2003.07.13放送：ジャムのミナレットと遺跡
世界遺産 第358回：2003.07.06放送：バーミヤン渓谷の景観と遺跡
世界遺産 第357回：2003.06.29放送：ウィーン歴史地区
世界遺産 第356回：2003.06.22放送：イスタンブール歴史地区
世界遺産 第355回：2003.06.15放送：ブルノのトゥーゲントハット邸
世界遺産 第354回：2003.06.08放送：サーンチーの仏教建造物
世界遺産 第353回：2003.06.01放送：フェスのメディナ(旧市街)
世界遺産 第352回：2003.05.25放送：パリのセーヌ河岸
世界遺産 第351回：2003.05.18放送：シンハラジャ森林保護区
世界遺産 第350回：2003.05.11放送：サンタ・マリア・デッレ・グラツィエ修道院とレオナルド・ダ・ヴ…
世界遺産 第349回：2003.05.04放送：古代都市テオティワカン
世界遺産 第348回：2003.04.27放送：天壇
世界遺産 第347回：2003.04.20放送：パルミラの遺跡
世界遺産 第346回：2003.04.13放送：ワルシャワ歴史地区
世界遺産 第345回：2003.04.06放送：アジャンター石窟群
世界遺産 第344回：2003.03.30放送：カディーシャ峡谷と神のスギの森
世界遺産 第343回：2003.03.16放送：ボイ渓谷のカタルーニャ風ロマネスク様式教会群
世界遺産 第342回：2003.03.09放送：雲岡石窟
世界遺産 第341回：2003.03.02放送：クロンボー城
世界遺産 第340回：2003.02.23放送：イビサ、生物多様性と文化
世界遺産 第339回：2003.02.16放送：エローラ石窟群
世界遺産 第338回：2003.02.09放送：ハットゥシャ
世界遺産 第337回：2003.02.02放送：ウェストミンスター宮殿、ウェストミンスター寺院と聖マーガレッ…
世界遺産 第336回：2003.01.26放送：ヴェルサイユ宮殿と庭園
世界遺産 第335回：2003.01.19放送：クレムリンと赤の広場、モスクワII
世界遺産 第334回：2003.01.12放送：クレムリンと赤の広場、モスクワI
世界遺産 第333回：2003.01.05放送：古都京都の文化財III
世界遺産 第332回：2002.12.22放送：ガラパゴス諸島（水中編）
世界遺産 第331回：2002.12.15放送：ココ島国立公園
世界遺産 第330回：2002.12.08放送：ペトラ
世界遺産 第329回：2002.12.01放送：バチカン市国
世界遺産 第328回：2002.11.24放送：エルチェの椰子園
世界遺産 第327回：2002.11.17放送：ヴァッハウ渓谷の文化的景観
世界遺産 第326回：2002.11.10放送：アランフェスの文化的景観
世界遺産 第325回：2002.11.03放送：バゲルハットのモスク都市
世界遺産 第324回：2002.10.27放送：ブルッヘ歴史地区
世界遺産 第323回：2002.10.20放送：ギョレメ国立公園とカッパドキアの岩窟群
世界遺産 第322回：2002.10.13放送：キジー島の木造教会
世界遺産 第321回：2002.10.06放送：ヴィチェンツァ市街とヴェネト地方のパッラーディオのヴィッラ
世界遺産 第320回：2002.09.29放送：ブウィンディ・インペニトラブル国立公園
世界遺産 第319回：2002.09.22放送：フェルテー湖／ノイジードラー湖の文化的景観
世界遺産 第318回：2002.09.15放送：ボロブドゥール遺跡群
世界遺産 第317回：2002.09.08放送：グヌン・ムル国立公園
世界遺産 第316回：2002.09.01放送：べームスター干拓地
世界遺産 第315回：2002.08.25放送：セレンゲティ国立公園II
世界遺産 第314回：2002.08.18放送：セレンゲティ国立公園I
世界遺産 第313回：2002.08.11放送：ヴェゼール渓谷の装飾洞窟群
世界遺産 第312回：2002.08.04放送：ストラスブールのグランディル
世界遺産 第311回：2002.07.28放送：キナバル公園
世界遺産 第310回：2002.07.21放送：クレスピ・ダッダ
世界遺産 第309回：2002.07.14放送：ガラパゴス諸島II
世界遺産 第308回：2002.07.07放送：ガラパゴス諸島I
世界遺産 第307回：2002.06.30放送：カルヴァリア・ゼブジドフスカ：マニエリスム様式の建築と公園の…
世界遺産 第306回：2002.06.23放送：キト市街
世界遺産 第305回：2002.06.16放送：ンゴロンゴロ自然保護区
世界遺産 第304回：2002.06.09放送：ヴィッラ・ロマーナ・デル・カサーレ
世界遺産 第303回：2002.06.02放送：パハールプルの仏教寺院遺跡
世界遺産 第302回：2002.05.26放送：サルヴァドール・ダ・バイーア歴史地区
世界遺産 第301回：2002.05.19放送：ランスのノートルダム大聖堂、サン・レミ聖堂、トー宮殿
世界遺産 第300回：2002.05.12放送：ロイヤル・チトワン国立公園
世界遺産 第299回：2002.05.05放送：グレート・バリア・リーフ
世界遺産 第298回：2002.04.28放送：グレート・バリア・リーフ
世界遺産 第297回：2002.04.21放送：ヴァルトブルク城
世界遺産 第296回：2002.04.14放送：ケベック歴史地区
世界遺産 第295回：2002.04.07放送：アテネのアクロポリス
世界遺産 第294回：2002.03.31放送：グラナダのアルハンブラ宮殿 ヘネラリーフェ離宮 アルバイシン…
世界遺産 第293回：2002.03.24放送：セハ・ダ・カピバラ国立公園
世界遺産 第292回：2002.03.17放送：デルフィ古代遺跡
世界遺産 第291回：2002.03.10放送：バルデス半島
世界遺産 第290回：2002.03.03放送：バルデス半島
世界遺産 第289回：2002.02.24放送：リヨン歴史地区
世界遺産 第288回：2002.02.17放送：フーマユーン廟、デリー
世界遺産 第287回：2002.02.10放送：ロード・ハウ諸島
世界遺産 第286回：2002.02.03放送：プエブラ歴史地区
世界遺産 第285回：2002.01.27放送：サンティアゴ・デ・コンポステーラへのフランスの巡礼路II
世界遺産 第284回：2002.01.20放送：サンティアゴ・デ・コンポステーラへのフランスの巡礼路I
世界遺産 第283回：2002.01.13放送：琉球王国のグスクおよび関連遺産群
世界遺産 第282回：2002.01.06放送：姫路城
世界遺産 第281回：2001.12.23放送：カムチャッカ火山群
世界遺産 第280回：2001.12.16放送：カムチャッカ火山群
世界遺産 第279回：2001.12.09放送：自由の女神
世界遺産 第278回：2001.12.02放送：シャーロッツビルのモンティチェロとバージニア大学
世界遺産 第278回：2001.12.02放送：独立記念館
世界遺産 第277回：2001.11.25放送：アヴィニョン歴史地区
世界遺産 第276回：2001.11.18放送：オアハカ歴史地区とモンテ・アルバン古代遺跡
世界遺産 第275回：2001.11.11放送：サン・ジミニャーノ歴史地区
世界遺産 第274回：2001.11.04放送：オリンピック国立公園
世界遺産 第273回：2001.10.28放送：建築家ヴィクトル・オルタによる主な都市邸宅
世界遺産 第272回：2001.10.21放送：ゴアの教会と修道院
世界遺産 第271回：2001.10.14放送：シエナ歴史地区
世界遺産 第270回：2001.10.07放送：カナディアン・ロッキー・マウンテン自然公園群II
世界遺産 第269回：2001.09.30放送：カナディアン・ロッキー・マウンテン自然公園群I
世界遺産 第268回：2001.09.23放送：ダージリン・ヒマラヤ鉄道
世界遺産 第267回：2001.09.16放送：ケルン大聖堂
世界遺産 第266回：2001.09.09放送：ロンドン塔
世界遺産 第265回：2001.09.02放送：安徽省の古い村～西遞村と宏村
世界遺産 第264回：2001.08.26放送：ポンペイ、エルコラーノおよびトッレ・アヌンツィアータの遺跡
世界遺産 第263回：2001.08.19放送：シュコツィアン洞窟群
世界遺産 第262回：2001.07.22放送：広島平和記念碑（原爆ドーム）
世界遺産 第261回：2001.07.15放送：ビスカイノ湾のクジラ保護区
世界遺産 第260回：2001.07.08放送：ミストラ
世界遺産 第259回：2001.07.01放送：古都ポロンナルワ
世界遺産 第258回：2001.06.24放送：龍門石窟
世界遺産 第257回：2001.06.17放送：ローマ歴史地区II
世界遺産 第256回：2001.06.10放送：ローマ歴史地区I
世界遺産 第255回：2001.06.03放送：古都スクレ
世界遺産 第254回：2001.05.27放送：グラーツ歴史地区
世界遺産 第253回：2001.05.20放送：ダンブッラの黄金寺院
世界遺産 第252回：2001.05.13放送：ハワイ火山国立公園II
世界遺産 第251回：2001.05.06放送：ハワイ火山国立公園I
世界遺産 第250回：2001.04.29放送：タッシリ・ナジェール
世界遺産 第249回：2001.04.22放送：ナスカおよびフマナ平原の地上絵
世界遺産 第248回：2001.04.15放送：ベラヴェシュスカヤ・プーシャ/ビャウォヴィエジャ原生林
世界遺産 第247回：2001.04.08放送：アブ・ミナ
世界遺産 第246回：2001.04.01放送：ポトシ市街
世界遺産 第245回：2001.03.25放送：トンブクトゥ
世界遺産 第244回：2001.03.18放送：テルチ歴史地区
世界遺産 第243回：2001.03.11放送：古都オウロ・プレット、コンゴーニャスのボン・ジェズス聖域
世界遺産 第242回：2001.03.04放送：トロードスの壁画聖堂
世界遺産 第241回：2001.02.25放送：マナ・プールズ国立公園、サピとチェウォーレのサファリ地区
世界遺産 第240回：2001.02.18放送：ヴルコリニェツ
世界遺産 第239回：2001.02.11放送：アブシンベルからフィラエまでのヌビア遺跡群II
世界遺産 第238回：2001.02.04放送：アボメイの王宮
世界遺産 第237回：2001.01.28放送：オリンダ歴史地区
世界遺産 第236回：2001.01.21放送：日光の社寺
世界遺産 第235回：2001.01.14放送：古都京都の文化財II
世界遺産 第234回：2001.01.07放送：厳島神社
世界遺産 第233回：2000.12.24放送：スタークフォンテン・スワートクランズ・クロムドライおよび周辺…
世界遺産 第232回：2000.12.17放送：周口店の北京原人遺跡
世界遺産 第231回：2000.12.10放送：ブラジリア
世界遺産 第230回：2000.12.03放送：フォントネーのシトー会修道院
世界遺産 第229回：2000.11.26放送：スコータイと周辺の古都
世界遺産 第228回：2000.11.19放送：サン・テミリオン地区
世界遺産 第227回：2000.11.12放送：フランドル地方とワロン地方の鐘楼
世界遺産 第226回：2000.11.05放送：バンベルク
世界遺産 第225回：2000.10.29放送：リーガ歴史地区
世界遺産 第224回：2000.10.22放送：聖地ミーソン
世界遺産 第223回：2000.10.15放送：古都ホイアン
世界遺産 第222回：2000.10.08放送：大足石刻
世界遺産 第221回：2000.10.01放送：ヴィガン歴史地区
世界遺産 第220回：2000.09.24放送：ザンクト・ガレン修道院
世界遺産 第219回：2000.09.17放送：フィリピンのバロック様式教会群
世界遺産 第218回：2000.09.10放送：オリンピアの古代遺跡
世界遺産 第217回：2000.09.03放送：ヴィルニュス歴史地区
世界遺産 第216回：2000.08.27放送：ウジュン・クロン国立公園
世界遺産 第215回：2000.08.20放送：シギショアラ歴史地区
世界遺産 第214回：2000.08.13放送：モシ・オア・トゥニャ/ヴィクトリアの滝
世界遺産 第213回：2000.08.06放送：アーヘン大聖堂
世界遺産 第212回：2000.07.30放送：フィリピン・コルディレラの棚田群
世界遺産 第211回：2000.07.23放送：リラ修道院
世界遺産 第210回：2000.07.16放送：コモド国立公園
世界遺産 第209回：2000.07.09放送：マラムレシュの木造教会
世界遺産 第208回：2000.07.02放送：プランバナン寺院遺跡群
世界遺産 第207回：2000.06.18放送：シェーンブルン宮殿と庭園
世界遺産 第206回：2000.06.11放送：ブリッゲン
世界遺産 第205回：2000.06.04放送：シミエン国立公園
世界遺産 第204回：2000.05.28放送：バルセロナのカタルーニャ音楽堂とサン・パウ病院
世界遺産 第203回：2000.05.21放送：アシャンティの伝統建築物群
世界遺産 第202回：2000.05.14放送：ペタヤヴェシの古い教会
世界遺産 第201回：2000.05.07放送：アンコールII
世界遺産 第200回：2000.04.30放送：アンコールI
世界遺産 第199回：2000.04.23放送：エディンバラの旧市街と新市街
世界遺産 第198回：2000.04.16放送：バン・チェン古代遺跡
世界遺産 第197回：2000.04.09放送：城塞都市カルカッソンヌ
世界遺産 第196回：2000.04.02放送：ロベン島
世界遺産 第195回：2000.03.26放送：グアラニー人のイエズス会伝道所
世界遺産 第194回：2000.03.19放送：イグアス国立公園II
世界遺産 第193回：2000.03.12放送：グレーターセントルシア湿地公園
世界遺産 第192回：2000.03.05放送：ゴール旧市街と要塞
世界遺産 第191回：2000.02.27放送：ロス・グラシアレス
世界遺産 第190回：2000.02.20放送：ロドス島の中世都市
世界遺産 第189回：2000.02.13放送：アマルフィ海岸
世界遺産 第188回：2000.02.06放送：サフランボル市街
世界遺産 第187回：2000.01.30放送：バールベック
世界遺産 第186回：2000.01.23放送：白川郷・五箇山の合掌造り集落
世界遺産 第185回：2000.01.16放送：古都奈良の文化財II
世界遺産 第184回：2000.01.09放送：古都奈良の文化財I
世界遺産 第183回：1999.12.26放送：ネムルット ダウ
世界遺産 第182回：1999.12.19放送：武夷山
世界遺産 第181回：1999.12.12放送：カセルタの18世紀の王宮と庭園、ヴァンヴィテッリの水道橋とサ…
世界遺産 第180回：1999.12.05放送：ホラショヴィツェの歴史的集落
世界遺産 第179回：1999.11.28放送：センメリング鉄道
世界遺産 第178回：1999.11.21放送：廬山
世界遺産 第177回：1999.11.14放送：ビエルタンとその要塞教会
世界遺産 第176回：1999.11.07放送：古代都市シーギリヤ
世界遺産 第175回：1999.10.31放送：聖地キャンディ
世界遺産 第174回：1999.10.24放送：チェスキー・クルムロフ歴史地区
世界遺産 第173回：1999.10.17放送：ピレネー－モン・ペルデュ
世界遺産 第172回：1999.10.10放送：メキシコ・シティ歴史地区とソチミルコ
世界遺産 第171回：1999.10.03放送：バイカル湖
世界遺産 第170回：1999.09.26放送：ドナウ・デルタ
世界遺産 第169回：1999.09.19放送：フランドル地方のベギン会の建物群
世界遺産 第168回：1999.09.12放送：シントラの文化的景観
世界遺産 第167回：1999.09.05放送：コパンのマヤ遺跡
世界遺産 第166回：1999.08.15放送：ツィンギ・ド・ベマラハ厳正自然保護区II
世界遺産 第165回：1999.08.08放送：ツィンギ・ド・ベマラハ厳正自然保護区I
世界遺産 第164回：1999.08.01放送：モエンジョダロの遺跡
世界遺産 第163回：1999.07.25放送：ケニヤ山国立公園／自然林
世界遺産 第162回：1999.07.18放送：ランメルスベルク旧鉱山と古都ゴスラー
世界遺産 第161回：1999.07.11放送：ラホール城とシャーラマール庭園
世界遺産 第160回：1999.07.04放送：シャルトル大聖堂
世界遺産 第159回：1999.06.27放送：ポポカテペトル山麓にある16世紀初頭の修道院群
世界遺産 第158回：1999.06.20放送：ヴュルツブルクのレジデンツ、その庭園と広場
世界遺産 第157回：1999.06.13放送：ロホタース城塞
世界遺産 第156回：1999.06.06放送：ルビエールとルルー(エノー)の中央運河の４つのリフトとその周…
世界遺産 第155回：1999.05.30放送：クスコ市街
世界遺産 第154回：1999.05.23放送：チャン・チャン遺跡地帯
世界遺産 第153回：1999.05.16放送：ハルシュタット・ダッハシュタイン、ザルツカンマーグートの文化…
世界遺産 第152回：1999.05.09放送：タキシラ
世界遺産 第151回：1999.05.02放送：マチュピチュ遺跡
世界遺産 第150回：1999.04.25放送：リスボンのジェロニモス修道院とベレンの塔
世界遺産 第149回：1999.04.18放送：九寨溝
世界遺産 第148回：1999.04.11放送：イスファハーンのイマーム広場
世界遺産 第147回：1999.04.04放送：ザルツブルク市街の歴史地区
世界遺産 第146回：1999.03.28放送：イチャン・カラ
世界遺産 第145回：1999.03.21放送：ブダペストのドナウ河岸およびブダ王宮地区
世界遺産 第144回：1999.03.14放送：コロとその港
世界遺産 第143回：1999.03.07放送：ベルセポリス
世界遺産 第142回：1999.02.28放送：スケリグ・マイケル
世界遺産 第141回：1999.02.21放送：峨眉山と楽山大仏
世界遺産 第140回：1999.02.14放送：カナイマ国立公園II
世界遺産 第139回：1999.02.07放送：カナイマ国立公園I
世界遺産 第138回：1999.01.31放送：古都トレド
世界遺産 第137回：1999.01.24放送：屋久島II
世界遺産 第136回：1999.01.17放送：屋久島I
世界遺産 第135回：1999.01.10放送：白神山地
世界遺産 第134回：1998.12.20放送：八萬大蔵経の納められた伽耶（や）山海印寺
世界遺産 第133回：1998.12.13放送：カールスバッド洞窟群国立公園
世界遺産 第132回：1998.12.06放送：ファジル・ゲビ、ゴンダール地域
世界遺産 第131回：1998.11.29放送：ランス・オー・メドー国立歴史公園
世界遺産 第130回：1998.11.22放送：プリトヴィチェ湖群国立公園
世界遺産 第129回：1998.11.15放送：ポンペイ、エルコラーノおよびトッレ・アヌンツィアータの遺跡
世界遺産 第128回：1998.11.08放送：カカドゥ国立公園
世界遺産 第127回：1998.11.01放送：蘇州の古典庭園
世界遺産 第126回：1998.10.25放送：カイルアン
世界遺産 第125回：1998.10.18放送：ハー・ロン湾
世界遺産 第124回：1998.10.11放送：オーストラリア産の哺乳類の化石地域（リヴァーズリ／ナラコート…
世界遺産 第123回：1998.10.04放送：ヒエラポリス・パムッカレ
世界遺産 第122回：1998.09.27放送：ゼモ・スワネチ
世界遺産 第121回：1998.09.20放送：古都アユタヤと周辺の歴史地区
世界遺産 第120回：1998.09.13放送：アルベロベッロのトゥルッリ
世界遺産 第119回：1998.09.06放送：麗江旧市街
世界遺産 第118回：1998.08.30放送：グランドキャニオン国立公園
世界遺産 第117回：1998.08.23放送：フレーザー島
世界遺産 第116回：1998.08.16放送：トゥバタハ岩礁海洋公園
世界遺産 第115回：1998.08.09放送：アイット・ベン・ハドゥの集落
世界遺産 第114回：1998.08.02放送：マラケシュのメディナ（旧市街）
世界遺産 第113回：1998.07.26放送：大ジンバブエ国立記念物
世界遺産 第112回：1998.07.19放送：バロセロナのグエル公園、グエル邸、カサ・ミラ
世界遺産 第111回：1998.07.05放送：キンデルダイク（エルスハウト）の風車群
世界遺産 第110回：1998.06.28放送：キルワ・キシワーニとソンゴ・ムナラの遺跡
世界遺産 第109回：1998.06.21放送：ルアン・プラバンの町
世界遺産 第108回：1998.06.14放送：ハバナの旧市街と要塞
世界遺産 第107回：1998.06.07放送：平遥古城
世界遺産 第106回：1998.05.31放送：キリマンジャロ国立公園
世界遺産 第105回：1998.05.24放送：バース市街
世界遺産 第104回：1998.05.17放送：ジェンネ旧市街
世界遺産 第103回：1998.05.10放送：トリニダーとインヘニオス盆地
世界遺産 第102回：1998.05.03放送：承徳の避暑山荘と外八廟
世界遺産 第101回：1998.04.26放送：バレンシアのラ・ロンハ・デ・ラ・セダ
世界遺産 第100回：1998.04.19放送：バンディアガラの断崖（ドゴン人の集落）
世界遺産 第99回：1998.04.12放送：サント・ドミンゴの植民都市
世界遺産 第98回：1998.04.05放送：ハンザ同盟の都市リューベック
世界遺産 第97回：1998.03.29放送：グレート・スモーキー山脈国立公園
世界遺産 第96回：1998.03.22放送：宗廟（チョンミョ）
世界遺産 第95回：1998.03.15放送：ヴァイマールとデッサウにあるバウハウスとその関連遺産群
世界遺産 第94回：1998.03.08放送：カジュラーホの建造物群
世界遺産 第93回：1998.03.01放送：ベルン旧市街
世界遺産 第92回：1998.02.22放送：ミュスタイアのベネディクト会聖ヨハネ修道院
世界遺産 第91回：1998.02.15放送：古都京都の文化財（京都市、宇治市、大津市）
世界遺産 第90回：1998.02.08放送：シャンボールの城と領地
世界遺産 第89回：1998.02.01放送：ウィランドラの湖群地方
世界遺産 第88回：1998.01.25放送：イエローストーン
世界遺産 第87回：1998.01.18放送：チチェン=イッツァの古代都市
世界遺産 第86回：1998.01.11放送：ヴィエリチカ塩坑
世界遺産 第85回：1998.01.04放送：タージ・マハル
世界遺産 第84回：1997.12.21放送：カトマンズの谷
世界遺産 第83回：1997.12.14放送：ホッローケー
世界遺産 第82回：1997.12.07放送：ロスキレ大聖堂
世界遺産 第81回：1997.11.30放送：武当山の古建築物群
世界遺産 第80回：1997.11.23放送：シャーク湾、西オーストラリア
世界遺産 第79回：1997.11.16放送：クラクフ歴史地区
世界遺産 第78回：1997.11.09放送：リューレオのガンメルスタード・教会村
世界遺産 第77回：1997.11.02放送：武陵源の自然景観と歴史地区
世界遺産 第76回：1997.10.26放送：サンティアゴ・デ・コンポステーラの巡礼路II
世界遺産 第75回：1997.10.19放送：サンティアゴ・デ・コンポステーラの巡礼路I
世界遺産 第74回：1997.10.12放送：ウルネスの木造教会
世界遺産 第73回：1997.10.05放送：ウラジーミルとスーズダリの白壁の建造物群　
世界遺産 第72回：1997.09.28放送：カナディアン・ロッキー・マウンテン自然公園群II
世界遺産 第71回：1997.09.21放送：カナディアン・ロッキー・マウンテン自然公園群I
世界遺産 第70回：1997.09.14放送：セゴビア旧市街とローマ水道　
世界遺産 第69回：1997.09.07放送：セルギエフ・パサドのトロイツェ・セルギー大修道院の建造物群
世界遺産 第68回：1997.08.31放送：法隆寺地域の仏教建造物　
世界遺産 第67回：1997.08.24放送：フィレンツェ歴史地区　
世界遺産 第66回：1997.08.17放送：アルバータ州立恐竜自然公園
世界遺産 第65回：1997.07.27放送：キエフ：聖ソフィア大聖堂と関連する修道院建築物群、キエフ=ペ…
世界遺産 第64回：1997.07.20放送：巨石の神殿群
世界遺産 第63回：1997.07.13放送：イシュケウル国立公園
世界遺産 第62回：1997.07.06放送：ドゥオモ広場、ピサ
世界遺産 第61回：1997.06.29放送：古代都市テーベとその墓地遺跡
世界遺産 第60回：1997.06.22放送：エヴォラ歴史地区
世界遺産 第59回：1997.06.15放送：メサ・ベルデ
世界遺産 第58回：1997.06.08放送：テ・ワヒポウナム=南西ニュージーランド
世界遺産 第57回：1997.06.01放送：アゾレス諸島のアングラ・ド・エロイズモの町の中心部
世界遺産 第56回：1997.05.25放送：エル・ビスカイノのクジラ保護区
世界遺産 第55回：1997.05.18放送：メンフィスとその墓地遺跡=ギザからダハシュールまでのピラミッ…
世界遺産 第54回：1997.05.11放送：メンフィスとその墓地遺跡=ギザからダハシュールまでのピラミッ…
世界遺産 第53回：1997.05.04放送：タスマニア原生地域
世界遺産 第52回：1997.04.27放送：サナア旧市街
世界遺産 第51回：1997.04.20放送：ティカル国立公園
世界遺産 第50回：1997.04.13放送：トンガリロ国立公園
世界遺産 第49回：1997.04.06放送：岩窟教会群、ラリベラ
世界遺産 第48回：1997.03.30放送：アイアンブリッジ峡谷
世界遺産 第47回：1997.03.23放送：トゥンヤイ=ファイ・カ・ケン野生生物保護区
世界遺産 第46回：1997.03.16放送：エローラ洞窟寺院
世界遺産 第45回：1997.03.09放送：フエ
世界遺産 第44回：1997.03.02放送：ナンダ・デビ国立公園
世界遺産 第43回：1997.02.23放送：プラハ歴史地区
世界遺産 第42回：1997.02.16放送：北モルドバの彩画修道院
世界遺産 第41回：1997.02.09放送：ナスカおよびフマナ平原の地上絵
世界遺産 第40回：1997.02.02放送：孔廟・孔林・孔府
世界遺産 第39回：1997.01.26放送：コナラクの太陽神寺院
世界遺産 第38回：1997.01.19放送：黄山
世界遺産 第37回：1997.01.12放送：ラパヌイ国立公園
世界遺産 第36回：1997.01.05放送：パルミラの遺跡
世界遺産 第35回：1996.12.22放送：ワスカラン国立公園
世界遺産 第34回：1996.12.15放送：アブシンベルからフィラエまでのヌビア遺跡群
世界遺産 第33回：1996.12.08放送：ギョレメ国立公園とカッパドキア
世界遺産 第32回：1996.12.01放送：セレンゲティ国立公園
世界遺産 第31回：1996.11.24放送：イスタンブール歴史地区
世界遺産 第30回：1996.11.17放送：マテーラの洞窟住居群
世界遺産 第29回：1996.11.10放送：フォンテーヌブロー宮殿と庭園
世界遺産 第28回：1996.11.03放送：ドブロブニク旧市街
世界遺産 第27回：1996.10.27放送：アルタの岩石画
世界遺産 第26回：1996.10.13放送：モン・サン・ミシェルとその湾
世界遺産 第25回：1996.10.06放送：ベネチアとその潟
世界遺産 第24回：1996.09.29放送：ダマスカスの古代都市
世界遺産 第23回：1996.09.22放送：サンクトペテルブルク歴史地区と記念物群
世界遺産 第22回：1996.09.15放送：ペトラ
世界遺産 第21回：1996.09.08放送：ドロットニングホルム宮殿
世界遺産 第20回：1996.09.01放送：グラナダのアルハンブラ宮殿、ヘネラリーフェ離宮、アルバイシン…
世界遺産 第19回：1996.08.25放送：アンソニー島
世界遺産 第18回：1996.08.18放送：ポツダムとベルリンの公園と宮殿
世界遺産 第17回：1996.08.11放送：セントキルダ島
世界遺産 第16回：1996.08.04放送：アルルのローマおよびロマネスク様式の建築群
世界遺産 第15回：1996.07.21放送：ヨセミテ国立公園
世界遺産 第14回：1996.07.14放送：パリのセーヌ河岸
世界遺産 第13回：1996.07.07放送：セビリア大聖堂、アルカサル、インディアス古文書館
世界遺産 第12回：1996.06.30放送：ナポリ歴史地区
世界遺産 第11回：1996.06.23放送：マンモスケーブ国立公園
世界遺産 第10回：1996.06.16放送：フェズのメディナ（旧市街）
世界遺産 第9回：1996.06.09放送：エバーグレーズ国立公園
世界遺産 第8回：1996.06.02放送：バレッタ旧市街
世界遺産 第7回：1996.05.26放送：テオティワカン古代都市
世界遺産 第6回：1996.05.19放送：イグアス国立公園I
世界遺産 第5回：1996.05.12放送：ボロブドール遺跡群
世界遺産 第4回：1996.05.05放送：ンゴロンゴロ自然保護区
世界遺産 第3回：1996.04.28放送：アテネのアクロポリス
世界遺産 第2回：1996.04.21放送：グレートバリアリーフ
世界遺産 第1回：1996.04.14放送：マチュピチュ遺跡
世界遺産 スペシャル番組：1998.01.02放送：ヴェルサイユ宮殿と庭園
世界遺産 スペシャル番組：1999.01.02放送：世界遺産スペシャル「地球の記憶」
世界遺産 スペシャル番組：2001.08.12放送：5周年特別企画・密着！"世界遺産"はこう…